{
    "cameraMatrix": [
        [
            967.0407800103396,
            0.0,
            607.873095832381
        ],
        [
            0.0,
            1010.6165325995377,
            482.8064369848495
        ],
        [
            0.0,
            0.0,
            1.0
        ]
    ],
    "distCoeffs": [
        [
            0.5179008581031117,
            -1.4164558384539554,
            0.09143858301243202,
            -0.02325662302722696,
            2.164699510534503
        ]
    ]
}