{
    "cameraMatrix": [
        [
            954.6695864911608,
            0.0,
            381.5140701795086
        ],
        [
            0.0,
            1469.6973921962092,
            643.8922203687775
        ],
        [
            0.0,
            0.0,
            1.0
        ]
    ],
    "distCoeffs": [
        [
            0.019837809578765422,
            0.21178030741978432,
            0.022574956147533985,
            -0.009872064606141174,
            -0.28963166881818775
        ]
    ]
}