{
    "cameraMatrix": [
        [
            759.4128636985791,
            0.0,
            672.6072687012122
        ],
        [
            0.0,
            759.0472051809593,
            318.24980338616496
        ],
        [
            0.0,
            0.0,
            1.0
        ]
    ],
    "distCoeffs": [
        [
            0.05454133696088343,
            -0.06351788977021908,
            -0.0012420825223725253,
            -0.000619085576182526,
            -0.04596232397730459
        ]
    ]
}