{
    "cameraMatrix": [
        [
            659.6091648786662,
            0.0,
            424.8204264529454
        ],
        [
            0.0,
            657.800659302435,
            270.514106213238
        ],
        [
            0.0,
            0.0,
            1.0
        ]
    ],
    "distCoeffs": [
        [
            0.06429159247580872,
            0.12172896628935405,
            0.004835284093649504,
            -0.0018855025633111855,
            -0.3590535024280748
        ]
    ]
}