{
    "cameraMatrix": [
        [
            653.6763996954488,
            0.0,
            446.3684366310611
        ],
        [
            0.0,
            652.4566847156345,
            284.79611080086727
        ],
        [
            0.0,
            0.0,
            1.0
        ]
    ],
    "distCoeffs": [
        [
            0.045438552938184364,
            0.31371183067547104,
            -0.0010450881062108886,
            -0.002929972067894222,
            -0.7555195905865127
        ]
    ]
}