{
    "cameraMatrix": [
        [
            723.9643773147536,
            0.0,
            829.2520763611495
        ],
        [
            0.0,
            696.0965275993661,
            338.21553127033843
        ],
        [
            0.0,
            0.0,
            1.0
        ]
    ],
    "distCoeffs": [
        [
            0.03791916267535159,
            0.14422537821468465,
            0.008292775479611887,
            0.021200772412224605,
            -0.15616282708627297
        ]
    ]
}