{
    "E": [
        [
            0.015212137002304178,
            -0.5948885180849506,
            -3.104289334465747
        ],
        [
            0.21463681796028997,
            -0.5588197888941155,
            95.14289854793334
        ],
        [
            3.445705937971021,
            -95.12936795311168,
            -0.5465294838571765
        ]
    ],
    "F": [
        [
            -1.0839181526720007e-08,
            4.2504432797357726e-07,
            0.001348623694124228
        ],
        [
            -1.532221680522183e-07,
            4.000198436578049e-07,
            -0.04484336950856906
        ],
        [
            -0.001556422071917189,
            0.04412632312819676,
            1.0
        ]
    ],
    "R": [
        [
            0.9999846525471143,
            0.00360128647877151,
            0.004210155095108666
        ],
        [
            -0.003626018270161439,
            0.999976129580383,
            0.005881518591455545
        ],
        [
            -0.004188873563561856,
            -0.005896694424421133,
            0.9999738408244155
        ]
    ],
    "T": [
        [
            -95.14280579118551
        ],
        [
            -3.1007639747267723
        ],
        [
            0.6131874127670144
        ]
    ]
}